variant,label,seq_len,depth,acc
dense,Softmax,96,0.05,0.3229166666666667
dense,Softmax,96,0.15,0.3541666666666667
dense,Softmax,96,0.25,0.46875
dense,Softmax,96,0.35,0.3020833333333333
dense,Softmax,96,0.45,0.3541666666666667
dense,Softmax,96,0.55,0.2708333333333333
dense,Softmax,96,0.65,0.2604166666666667
dense,Softmax,96,0.75,0.19791666666666666
dense,Softmax,96,0.85,0.28125
dense,Softmax,96,0.95,0.125
dense,Softmax,768,0.05,0.20833333333333334
dense,Softmax,768,0.15,0.22916666666666666
dense,Softmax,768,0.25,0.20833333333333334
dense,Softmax,768,0.35,0.09375
dense,Softmax,768,0.45,0.20833333333333334
dense,Softmax,768,0.55,0.25
dense,Softmax,768,0.65,0.2604166666666667
dense,Softmax,768,0.75,0.28125
dense,Softmax,768,0.85,0.3541666666666667
dense,Softmax,768,0.95,0.4166666666666667
dense_gated,Softmax+Gate,96,0.05,0.3020833333333333
dense_gated,Softmax+Gate,96,0.15,0.3958333333333333
dense_gated,Softmax+Gate,96,0.25,0.4166666666666667
dense_gated,Softmax+Gate,96,0.35,0.2916666666666667
dense_gated,Softmax+Gate,96,0.45,0.3854166666666667
dense_gated,Softmax+Gate,96,0.55,0.2916666666666667
dense_gated,Softmax+Gate,96,0.65,0.2604166666666667
dense_gated,Softmax+Gate,96,0.75,0.21875
dense_gated,Softmax+Gate,96,0.85,0.22916666666666666
dense_gated,Softmax+Gate,96,0.95,0.15625
dense_gated,Softmax+Gate,768,0.05,0.21875
dense_gated,Softmax+Gate,768,0.15,0.22916666666666666
dense_gated,Softmax+Gate,768,0.25,0.3333333333333333
dense_gated,Softmax+Gate,768,0.35,0.13541666666666666
dense_gated,Softmax+Gate,768,0.45,0.15625
dense_gated,Softmax+Gate,768,0.55,0.3645833333333333
dense_gated,Softmax+Gate,768,0.65,0.10416666666666667
dense_gated,Softmax+Gate,768,0.75,0.3541666666666667
dense_gated,Softmax+Gate,768,0.85,0.3645833333333333
dense_gated,Softmax+Gate,768,0.95,0.5
hybrid,Hybrid,96,0.05,0.052083333333333336
hybrid,Hybrid,96,0.15,0.03125
hybrid,Hybrid,96,0.25,0.09375
hybrid,Hybrid,96,0.35,0.041666666666666664
hybrid,Hybrid,96,0.45,0.07291666666666667
hybrid,Hybrid,96,0.55,0.0625
hybrid,Hybrid,96,0.65,0.10416666666666667
hybrid,Hybrid,96,0.75,0.08333333333333333
hybrid,Hybrid,96,0.85,0.125
hybrid,Hybrid,96,0.95,0.09375
hybrid,Hybrid,768,0.05,0.07291666666666667
hybrid,Hybrid,768,0.15,0.10416666666666667
hybrid,Hybrid,768,0.25,0.07291666666666667
hybrid,Hybrid,768,0.35,0.052083333333333336
hybrid,Hybrid,768,0.45,0.0625
hybrid,Hybrid,768,0.55,0.11458333333333333
hybrid,Hybrid,768,0.65,0.13541666666666666
hybrid,Hybrid,768,0.75,0.041666666666666664
hybrid,Hybrid,768,0.85,0.10416666666666667
hybrid,Hybrid,768,0.95,0.020833333333333332
hybrid_ar,Hybrid+AttnRes,96,0.05,0.07291666666666667
hybrid_ar,Hybrid+AttnRes,96,0.15,0.041666666666666664
hybrid_ar,Hybrid+AttnRes,96,0.25,0.07291666666666667
hybrid_ar,Hybrid+AttnRes,96,0.35,0.03125
hybrid_ar,Hybrid+AttnRes,96,0.45,0.07291666666666667
hybrid_ar,Hybrid+AttnRes,96,0.55,0.11458333333333333
hybrid_ar,Hybrid+AttnRes,96,0.65,0.08333333333333333
hybrid_ar,Hybrid+AttnRes,96,0.75,0.10416666666666667
hybrid_ar,Hybrid+AttnRes,96,0.85,0.0625
hybrid_ar,Hybrid+AttnRes,96,0.95,0.09375
hybrid_ar,Hybrid+AttnRes,768,0.05,0.0625
hybrid_ar,Hybrid+AttnRes,768,0.15,0.125
hybrid_ar,Hybrid+AttnRes,768,0.25,0.0625
hybrid_ar,Hybrid+AttnRes,768,0.35,0.08333333333333333
hybrid_ar,Hybrid+AttnRes,768,0.45,0.0625
hybrid_ar,Hybrid+AttnRes,768,0.55,0.10416666666666667
hybrid_ar,Hybrid+AttnRes,768,0.65,0.125
hybrid_ar,Hybrid+AttnRes,768,0.75,0.041666666666666664
hybrid_ar,Hybrid+AttnRes,768,0.85,0.15625
hybrid_ar,Hybrid+AttnRes,768,0.95,0.03125
