variant,label,seq_len,acc_mean,acc_sd,sink_mean,sink_sd,sink_max_layer,max_activation,attn_entropy,recency_gap,recency_sd,n_examples,seeds,acc_q1,acc_q2,acc_q3,acc_q4
dense,Softmax,96,0.3203125,0.0390625,0.31624060585939634,0.19818534509822563,0.6326230267683665,74.87132670702758,1.6337154147525628,-0.108520173573937,0.16513637676746007,128,3,0.3551948051948052,0.3331918505942275,0.3134920634920635,0.2466746316208682
dense,Softmax,192,0.2708333333333333,0.023867581744561668,0.23859708973517021,0.15387040376617894,0.5111309488614401,74.47126492306039,2.3312083706259727,0.06427042441827388,0.1272502479398853,128,3,0.2928283410138249,0.16767676767676767,0.2894642894642895,0.3570987654320988
dense,Softmax,384,0.3489583333333333,0.029577647634376425,0.1827208981073151,0.1224183273519936,0.4150808701912562,74.23561560224603,3.0219371368487677,0.010021714731859643,0.10417476914755683,128,3,0.41583942877046326,0.2720736779560309,0.2957667988425678,0.4258611435023229
dense,Softmax,768,0.2630208333333333,0.08605578980134534,0.12635421038915715,0.09005116132915902,0.30139704048633575,73.38634333345625,3.7581879099210105,0.15158274037584382,0.17148790559377772,128,3,0.20591931216931217,0.22328042328042327,0.2816859197907585,0.357502052545156
dense_gated,Softmax+Gate,96,0.28125,0.020669932117692115,0.26087490655481815,0.17454826176856097,0.4904729574918747,36.18796655204561,1.3992988156775634,-0.1587552431638453,0.134246630165012,128,3,0.31940836940836936,0.3513723825693265,0.25615079365079363,0.1606531262445241
dense_gated,Softmax+Gate,192,0.296875,0.05122998847110938,0.2106372385751456,0.1515034981610242,0.38064749042193097,35.9446475704511,2.078595884144306,-0.06636726972748479,0.10433350911724627,128,3,0.33550307219662057,0.2431818181818182,0.32535332535332534,0.2691358024691358
dense_gated,Softmax+Gate,384,0.3046875,0.03125,0.16001666930969805,0.11562195692636197,0.3109554449717204,34.72982126915897,2.7443618029356003,0.10340563093873938,0.07655719034463788,128,3,0.27521987112504354,0.3323486970545794,0.24748329939627764,0.3786255020637829
dense_gated,Softmax+Gate,768,0.3177083333333333,0.036920434580098506,0.10344274524444093,0.0854535535056942,0.23113121589024863,33.96205827262666,3.392972230911255,0.0019054460864805594,0.1333670045723086,128,3,0.35734126984126985,0.25679012345679014,0.2975606655042139,0.3592467159277504
hybrid,Hybrid,96,0.059895833333333336,0.027436598314720673,0.18311085179448128,0.10348527772870507,0.23288757602373758,97.86639561807668,2.2481756011644998,0.015192245030954706,0.023010723793124733,128,3,0.028535353535353535,0.10222127900396151,0.06617063492063492,0.04372759856630824
hybrid,Hybrid,192,0.08072916666666667,0.01626301562082916,0.13173499579230943,0.07022995854630618,0.1709266131122907,97.92719783054459,3.0473427772521973,-0.03444060419866871,0.046004927604785875,128,3,0.08166282642089094,0.06717171717171717,0.12072912072912073,0.04722222222222222
hybrid,Hybrid,384,0.09895833333333333,0.03157384284630766,0.10139686986804008,0.05494102444523221,0.13408893843491873,97.88057979279094,3.67189892133077,0.06107520734582204,0.030611076999218872,128,3,0.04242859630790665,0.14654952890247008,0.09713142571357125,0.10350380365372869
hybrid,Hybrid,768,0.07291666666666667,0.03157384284630766,0.07542940694838762,0.0415580563750531,0.1069783369700114,97.7380253330425,4.258689363797505,-0.03193874293012224,0.09402402027486764,128,3,0.07576058201058201,0.0818342151675485,0.0794463818657367,0.04382183908045977
hybrid_ar,Hybrid+AttnRes,96,0.057291666666666664,0.009021097956087902,0.20156857992211977,0.17967502757756038,0.2513321215907733,38.90053895005473,2.476418435573578,-0.01821789321789322,0.05333404633760013,128,3,0.04044011544011544,0.09015987549518958,0.07658730158730159,0.022222222222222223
hybrid_ar,Hybrid+AttnRes,192,0.08854166666666667,0.004510548978043951,0.13147390199204287,0.09365702881433825,0.15914829323689142,38.89893246800811,3.1411534547805786,-0.06882680491551459,0.09697607733284187,128,3,0.10216013824884793,0.11237373737373738,0.09416409416409417,0.03333333333333333
hybrid_ar,Hybrid+AttnRes,384,0.09114583333333333,0.023867581744561668,0.07912374722460906,0.048421624800361766,0.09058311333258946,38.95118559069104,3.7849850257237754,0.0063207558678573155,0.03207820184381807,128,3,0.043506182514803204,0.1477378830320007,0.10665523523738077,0.04982693838266052
hybrid_ar,Hybrid+AttnRes,768,0.0703125,0.0078125,0.046340376138687134,0.02414756275076282,0.05263865987459818,38.920007752047646,4.3751247326533,-0.05492724867724868,0.07498125430607644,128,3,0.07576058201058201,0.0945326278659612,0.07978240337111304,0.020833333333333332
